{"AU01": 0.12735770702764543, "AU02": 0.0, "AU04": 0.07575774540816016, "AU05": 0.0, "AU06": 0.18109441847722868, "AU07": 0.356032059970132, "AU09": 0.010762167867373815, "AU10": 0.16863244124957774, "AU12": 0.3410747150316749, "AU14": 0.43169730455847577, "AU15": 0.008399031576165176, "AU17": 0.19796786191774554, "AU20": 0.10427055735926978, "AU23": 0.0, "AU25": 0.0, "AU26": 0.09340212352235563, "AU45": 0.23285417749408796}